{"cameraMode":{"drawMode":0,"name":"Shaded","section":"Shading Mode"},"sceneLighting":true,"audioPlay":false,"sceneViewState":{"showFog":true,"showMaterialUpdate":false,"showSkybox":true,"showFlares":true,"showImageEffects":true,"showParticleSystems":true},"in2DMode":false,"pivot":{"x":-0.4797654151916504,"y":-0.34017419815063479,"z":2.951558828353882},"rotation":{"x":0.21716447174549104,"y":-0.2288585603237152,"z":0.05245330557227135,"w":0.9474812746047974},"size":2.066237449645996,"orthographic":false}