{"cameraMode":{"drawMode":0,"name":"Shaded","section":"Shading Mode"},"sceneLighting":true,"audioPlay":false,"sceneViewState":{"showFog":true,"showMaterialUpdate":false,"showSkybox":true,"showFlares":true,"showImageEffects":true,"showParticleSystems":true},"in2DMode":false,"pivot":{"x":3.057978868484497,"y":0.7666147947311401,"z":0.1864781379699707},"rotation":{"x":0.08420750498771668,"y":0.008962932042777539,"z":-0.0007579692755825818,"w":0.9964155554771423},"size":1.5289874076843262,"orthographic":false}