{"cameraMode":{"drawMode":0,"name":"Shaded","section":"Shading Mode"},"sceneLighting":true,"audioPlay":false,"sceneViewState":{"m_AlwaysRefresh":false,"showFog":true,"showSkybox":true,"showFlares":true,"showImageEffects":true,"showParticleSystems":true,"showVisualEffectGraphs":true,"m_FxEnabled":false},"in2DMode":false,"pivot":{"x":-0.510280966758728,"y":-0.26530909538269045,"z":-0.27988409996032717},"rotation":{"x":-0.3277488648891449,"y":-0.13456103205680848,"z":0.04722345620393753,"w":-0.933951735496521},"size":1.6784162521362305,"orthographic":false}