{"cameraMode":{"drawMode":0,"name":"Shaded","section":"Shading Mode"},"sceneLighting":true,"audioPlay":false,"sceneViewState":{"m_AlwaysRefresh":false,"showFog":true,"showSkybox":true,"showFlares":true,"showImageEffects":true,"showParticleSystems":true,"showVisualEffectGraphs":true,"m_FxEnabled":false},"in2DMode":false,"pivot":{"x":0.46218764781951907,"y":0.30342674255371096,"z":-1.046196460723877},"rotation":{"x":-0.003730930620804429,"y":-0.9671892523765564,"z":0.25367236137390139,"w":-0.01422085426747799},"size":1.6784162521362305,"orthographic":false}